State,Avg Rainfall (mm)
Johor,4.115573770491803
Kedah,5.046967213114754
Kelantan,6.271475409836065
Melaka,2.790655737704918
Negeri Sembilan,4.115327868852459
Pahang,5.122622950819672
Perak,5.235027322404371
Perlis,2.0566666666666666
Pulau Pinang,2.819207650273224
Selangor,3.5679508196721312
Terengganu,6.975218579234973
